Question,Answer
Front Arena Operating system and hardware support,https://cmsupport.fisglobal.com/FIS_Cross-Asset_Trading_and_Risk_Platform/Overview/System_Administration%3A_Hardware_and_Software_Guide_FCA1129/0010_Notes_on_support__and_requirements/0010_Operating_system_and_hardware_support
Front Arena Main components,https://cmsupport.fisglobal.com/FIS_Cross-Asset_Trading_and_Risk_Platform/Overview/System_Administration%3A_Hardware_and_Software_Guide_FCA1129/0020_Main_components
Front Arena Database support,https://cmsupport.fisglobal.com/FIS_Cross-Asset_Trading_and_Risk_Platform/Overview/System_Administration%3A_Hardware_and_Software_Guide_FCA1129/0010_Notes_on_support__and_requirements/0020_Database_support
Front Arena Citrix XenApp usage and support,https://cmsupport.fisglobal.com/FIS_Cross-Asset_Trading_and_Risk_Platform/Overview/System_Administration%3A_Hardware_and_Software_Guide_FCA1129/0010_Notes_on_support__and_requirements/0030_Citrix_XenApp_usage_and_support
Front Arena Virtualisation usage and support,https://cmsupport.fisglobal.com/FIS_Cross-Asset_Trading_and_Risk_Platform/Overview/System_Administration%3A_Hardware_and_Software_Guide_FCA1129/0010_Notes_on_support__and_requirements/0040_Virtualisation_usage_and_support
Front Arena Network requirements,https://cmsupport.fisglobal.com/FIS_Cross-Asset_Trading_and_Risk_Platform/Overview/System_Administration%3A_Hardware_and_Software_Guide_FCA1129/0010_Notes_on_support__and_requirements/0050_Network_requirements
Front Arena Other components,https://cmsupport.fisglobal.com/FIS_Cross-Asset_Trading_and_Risk_Platform/Overview/System_Administration%3A_Hardware_and_Software_Guide_FCA1129/0030_Other_components
Front Arena  Platform components,https://cmsupport.fisglobal.com/FIS_Cross-Asset_Trading_and_Risk_Platform/Overview/Overview%3A_FIS_Cross-Asset_Trading_and_Risk_Platform_System_Architecture_Diagram_FCA1463/0020_FIS_Cross_Asset_Trading_and_Risk_Platform_components
Front Arena functional architecture,https://cmsupport.fisglobal.com/FIS_Cross-Asset_Trading_and_Risk_Platform/Overview/Overview%3A_FIS_Cross-Asset_Trading_and_Risk_Platform_System_Architecture_Diagram_FCA1463/0020_FIS_Cross_Asset_Trading_and_Risk_Platform_functional_architecture
Front Arena PRIME ,https://cmsupport.fisglobal.com/FIS_Cross-Asset_Trading_and_Risk_Platform/Overview/System_Administration%3A_Hardware_and_Software_Guide_FCA1129/0020_Main_components/0010_PRIME
Front Arena Release policy details for PRIME,https://cmsupport.fisglobal.com/FIS_Cross-Asset_Trading_and_Risk_Platform/Overview/Release_Information%3A_Product_Release_and_Support_Policy_FCA5044/0030_Release_poliicy_details_for_PRIME
